-- Countries
INSERT INTO countries (id, name, created)
VALUES ('00000000-0000-0000-0000-000000000000', 'Sverige', localtimestamp);

INSERT INTO countries (id, name, created)
VALUES (uuid_generate_v4(), 'Afghanistan', localtimestamp);

INSERT INTO countries (id, name, created)
VALUES (uuid_generate_v4(), 'Albanien', localtimestamp);

INSERT INTO countries (id, name, created)
VALUES (uuid_generate_v4(), 'Algeriet', localtimestamp);

INSERT INTO countries (id, name, created)
VALUES (uuid_generate_v4(), 'Andorra', localtimestamp);

INSERT INTO countries (id, name, created)
VALUES (uuid_generate_v4(), 'Angola', localtimestamp);

INSERT INTO countries (id, name, created)
VALUES (uuid_generate_v4(), 'Antigua och Barbuda', localtimestamp);

INSERT INTO countries (id, name, created)
VALUES (uuid_generate_v4(), 'Argentina', localtimestamp);

INSERT INTO countries (id, name, created)
VALUES (uuid_generate_v4(), 'Armenien', localtimestamp);

INSERT INTO countries (id, name, created)
VALUES (uuid_generate_v4(), 'Pakistan', localtimestamp);

INSERT INTO countries (id, name, created)
VALUES (uuid_generate_v4(), 'Australien', localtimestamp);

INSERT INTO countries (id, name, created)
VALUES (uuid_generate_v4(), 'Azerbajdzjan', localtimestamp);

INSERT INTO countries (id, name, created)
VALUES (uuid_generate_v4(), 'Bahamas', localtimestamp);

INSERT INTO countries (id, name, created)
VALUES (uuid_generate_v4(), 'Bahrain', localtimestamp);

INSERT INTO countries (id, name, created)
VALUES (uuid_generate_v4(), 'Bangladesh', localtimestamp);

INSERT INTO countries (id, name, created)
VALUES (uuid_generate_v4(), 'Barbados', localtimestamp);

INSERT INTO countries (id, name, created)
VALUES (uuid_generate_v4(), 'Belgien', localtimestamp);

INSERT INTO countries (id, name, created)
VALUES (uuid_generate_v4(), 'Belize', localtimestamp);

INSERT INTO countries (id, name, created)
VALUES (uuid_generate_v4(), 'Benin', localtimestamp);

INSERT INTO countries (id, name, created)
VALUES (uuid_generate_v4(), 'Bhutan', localtimestamp);

INSERT INTO countries (id, name, created)
VALUES (uuid_generate_v4(), 'Bolivia', localtimestamp);

INSERT INTO countries (id, name, created)
VALUES (uuid_generate_v4(), 'Bosnien och Hercegovina', localtimestamp);

INSERT INTO countries (id, name, created)
VALUES (uuid_generate_v4(), 'Botswana', localtimestamp);

INSERT INTO countries (id, name, created)
VALUES (uuid_generate_v4(), 'Brasilien', localtimestamp);

INSERT INTO countries (id, name, created)
VALUES (uuid_generate_v4(), 'Brunei', localtimestamp);

INSERT INTO countries (id, name, created)
VALUES (uuid_generate_v4(), 'Bulgarien', localtimestamp);

INSERT INTO countries (id, name, created)
VALUES (uuid_generate_v4(), 'Burkina Faso', localtimestamp);

INSERT INTO countries (id, name, created)
VALUES (uuid_generate_v4(), 'Burundi', localtimestamp);

INSERT INTO countries (id, name, created)
VALUES (uuid_generate_v4(), 'Centralafrikanska republiken', localtimestamp);

INSERT INTO countries (id, name, created)
VALUES (uuid_generate_v4(), 'Chile', localtimestamp);

INSERT INTO countries (id, name, created)
VALUES (uuid_generate_v4(), 'Colombia', localtimestamp);

INSERT INTO countries (id, name, created)
VALUES (uuid_generate_v4(), 'Costa Rica', localtimestamp);

INSERT INTO countries (id, name, created)
VALUES (uuid_generate_v4(), 'Cypern', localtimestamp);

INSERT INTO countries (id, name, created)
VALUES (uuid_generate_v4(), 'Turkiet', localtimestamp);

INSERT INTO countries (id, name, created)
VALUES (uuid_generate_v4(), 'Danmark', localtimestamp);

INSERT INTO countries (id, name, created)
VALUES (uuid_generate_v4(), 'Djibouti', localtimestamp);

INSERT INTO countries (id, name, created)
VALUES (uuid_generate_v4(), 'Dominica', localtimestamp);

INSERT INTO countries (id, name, created)
VALUES (uuid_generate_v4(), 'Dominikanska republiken', localtimestamp);

INSERT INTO countries (id, name, created)
VALUES (uuid_generate_v4(), 'Ecuador', localtimestamp);

INSERT INTO countries (id, name, created)
VALUES (uuid_generate_v4(), 'Egypten', localtimestamp);

INSERT INTO countries (id, name, created)
VALUES (uuid_generate_v4(), 'Ekvatorialguinea', localtimestamp);

INSERT INTO countries (id, name, created)
VALUES (uuid_generate_v4(), 'Elfenbenskusten', localtimestamp);

INSERT INTO countries (id, name, created)
VALUES (uuid_generate_v4(), 'El Salvador', localtimestamp);

INSERT INTO countries (id, name, created)
VALUES (uuid_generate_v4(), 'Eritrea', localtimestamp);

INSERT INTO countries (id, name, created)
VALUES (uuid_generate_v4(), 'Estland', localtimestamp);

INSERT INTO countries (id, name, created)
VALUES (uuid_generate_v4(), 'Etiopien', localtimestamp);

INSERT INTO countries (id, name, created)
VALUES (uuid_generate_v4(), 'Fiji', localtimestamp);

INSERT INTO countries (id, name, created)
VALUES (uuid_generate_v4(), 'Filippinerna', localtimestamp);

INSERT INTO countries (id, name, created)
VALUES (uuid_generate_v4(), 'Finland', localtimestamp);

INSERT INTO countries (id, name, created)
VALUES (uuid_generate_v4(), 'Frankrike', localtimestamp);

INSERT INTO countries (id, name, created)
VALUES (uuid_generate_v4(), 'Förenade Arabemiraten', localtimestamp);

INSERT INTO countries (id, name, created)
VALUES (uuid_generate_v4(), 'Gabon', localtimestamp);

INSERT INTO countries (id, name, created)
VALUES (uuid_generate_v4(), 'Gambia', localtimestamp);

INSERT INTO countries (id, name, created)
VALUES (uuid_generate_v4(), 'Georgien', localtimestamp);

INSERT INTO countries (id, name, created)
VALUES (uuid_generate_v4(), 'Ghana', localtimestamp);

INSERT INTO countries (id, name, created)
VALUES (uuid_generate_v4(), 'Grekland', localtimestamp);

INSERT INTO countries (id, name, created)
VALUES (uuid_generate_v4(), 'Grenada', localtimestamp);

INSERT INTO countries (id, name, created)
VALUES (uuid_generate_v4(), 'Guatemala', localtimestamp);

INSERT INTO countries (id, name, created)
VALUES (uuid_generate_v4(), 'Guinea', localtimestamp);

INSERT INTO countries (id, name, created)
VALUES (uuid_generate_v4(), 'Guinea-Bissau', localtimestamp);

INSERT INTO countries (id, name, created)
VALUES (uuid_generate_v4(), 'Guyana', localtimestamp);

INSERT INTO countries (id, name, created)
VALUES (uuid_generate_v4(), 'Haiti', localtimestamp);

INSERT INTO countries (id, name, created)
VALUES (uuid_generate_v4(), 'Honduras', localtimestamp);

INSERT INTO countries (id, name, created)
VALUES (uuid_generate_v4(), 'Indien', localtimestamp);

INSERT INTO countries (id, name, created)
VALUES (uuid_generate_v4(), 'Indonesien', localtimestamp);

INSERT INTO countries (id, name, created)
VALUES (uuid_generate_v4(), 'Irak', localtimestamp);

INSERT INTO countries (id, name, created)
VALUES (uuid_generate_v4(), 'Iran', localtimestamp);

INSERT INTO countries (id, name, created)
VALUES (uuid_generate_v4(), 'Irland', localtimestamp);

INSERT INTO countries (id, name, created)
VALUES (uuid_generate_v4(), 'Island', localtimestamp);

INSERT INTO countries (id, name, created)
VALUES (uuid_generate_v4(), 'Israel', localtimestamp);

INSERT INTO countries (id, name, created)
VALUES (uuid_generate_v4(), 'Italien', localtimestamp);

INSERT INTO countries (id, name, created)
VALUES (uuid_generate_v4(), 'Jamaica', localtimestamp);

INSERT INTO countries (id, name, created)
VALUES (uuid_generate_v4(), 'Japan', localtimestamp);

INSERT INTO countries (id, name, created)
VALUES (uuid_generate_v4(), 'Jemen', localtimestamp);

INSERT INTO countries (id, name, created)
VALUES (uuid_generate_v4(), 'Jordanien', localtimestamp);

INSERT INTO countries (id, name, created)
VALUES (uuid_generate_v4(), 'Kambodja', localtimestamp);

INSERT INTO countries (id, name, created)
VALUES (uuid_generate_v4(), 'Kamerun', localtimestamp);

INSERT INTO countries (id, name, created)
VALUES (uuid_generate_v4(), 'Kanada', localtimestamp);

INSERT INTO countries (id, name, created)
VALUES (uuid_generate_v4(), 'Kap Verde', localtimestamp);

INSERT INTO countries (id, name, created)
VALUES (uuid_generate_v4(), 'Kazakstan', localtimestamp);

INSERT INTO countries (id, name, created)
VALUES (uuid_generate_v4(), 'Kenya', localtimestamp);

INSERT INTO countries (id, name, created)
VALUES (uuid_generate_v4(), 'Kina', localtimestamp);

INSERT INTO countries (id, name, created)
VALUES (uuid_generate_v4(), 'Taiwan', localtimestamp);

INSERT INTO countries (id, name, created)
VALUES (uuid_generate_v4(), 'Kirgizistan', localtimestamp);

INSERT INTO countries (id, name, created)
VALUES (uuid_generate_v4(), 'Kiribati', localtimestamp);

INSERT INTO countries (id, name, created)
VALUES (uuid_generate_v4(), 'Komorerna', localtimestamp);

INSERT INTO countries (id, name, created)
VALUES (uuid_generate_v4(), 'Kongo-Brazzaville', localtimestamp);

INSERT INTO countries (id, name, created)
VALUES (uuid_generate_v4(), 'Kongo-Kinshasa', localtimestamp);

INSERT INTO countries (id, name, created)
VALUES (uuid_generate_v4(), 'Kroatien', localtimestamp);

INSERT INTO countries (id, name, created)
VALUES (uuid_generate_v4(), 'Kuba', localtimestamp);

INSERT INTO countries (id, name, created)
VALUES (uuid_generate_v4(), 'Kuwait', localtimestamp);

INSERT INTO countries (id, name, created)
VALUES (uuid_generate_v4(), 'Laos', localtimestamp);

INSERT INTO countries (id, name, created)
VALUES (uuid_generate_v4(), 'Lesotho', localtimestamp);

INSERT INTO countries (id, name, created)
VALUES (uuid_generate_v4(), 'Lettland', localtimestamp);

INSERT INTO countries (id, name, created)
VALUES (uuid_generate_v4(), 'Libanon', localtimestamp);

INSERT INTO countries (id, name, created)
VALUES (uuid_generate_v4(), 'Liberia', localtimestamp);

INSERT INTO countries (id, name, created)
VALUES (uuid_generate_v4(), 'Libyen', localtimestamp);

INSERT INTO countries (id, name, created)
VALUES (uuid_generate_v4(), 'Liechtenstein', localtimestamp);

INSERT INTO countries (id, name, created)
VALUES (uuid_generate_v4(), 'Litauen', localtimestamp);

INSERT INTO countries (id, name, created)
VALUES (uuid_generate_v4(), 'Luxemburg', localtimestamp);

INSERT INTO countries (id, name, created)
VALUES (uuid_generate_v4(), 'Madagaskar', localtimestamp);

INSERT INTO countries (id, name, created)
VALUES (uuid_generate_v4(), 'Malawi', localtimestamp);

INSERT INTO countries (id, name, created)
VALUES (uuid_generate_v4(), 'Malaysia', localtimestamp);

INSERT INTO countries (id, name, created)
VALUES (uuid_generate_v4(), 'Maldiverna', localtimestamp);

INSERT INTO countries (id, name, created)
VALUES (uuid_generate_v4(), 'Mali', localtimestamp);

INSERT INTO countries (id, name, created)
VALUES (uuid_generate_v4(), 'Malta', localtimestamp);

INSERT INTO countries (id, name, created)
VALUES (uuid_generate_v4(), 'Marocko', localtimestamp);

INSERT INTO countries (id, name, created)
VALUES (uuid_generate_v4(), 'Marshallöarna', localtimestamp);

INSERT INTO countries (id, name, created)
VALUES (uuid_generate_v4(), 'Mauretanien', localtimestamp);

INSERT INTO countries (id, name, created)
VALUES (uuid_generate_v4(), 'Mauritius', localtimestamp);

INSERT INTO countries (id, name, created)
VALUES (uuid_generate_v4(), 'Mexiko', localtimestamp);

INSERT INTO countries (id, name, created)
VALUES (uuid_generate_v4(), 'Mikronesiens federerade stater|Mikronesiska federationen', localtimestamp);

INSERT INTO countries (id, name, created)
VALUES (uuid_generate_v4(), 'Moçambique', localtimestamp);

INSERT INTO countries (id, name, created)
VALUES (uuid_generate_v4(), 'Moldavien', localtimestamp);

INSERT INTO countries (id, name, created)
VALUES (uuid_generate_v4(), 'Monaco', localtimestamp);

INSERT INTO countries (id, name, created)
VALUES (uuid_generate_v4(), 'Montenegro', localtimestamp);

INSERT INTO countries (id, name, created)
VALUES (uuid_generate_v4(), 'Mongoliet', localtimestamp);

INSERT INTO countries (id, name, created)
VALUES (uuid_generate_v4(), 'Myanmar', localtimestamp);

INSERT INTO countries (id, name, created)
VALUES (uuid_generate_v4(), 'Namibia', localtimestamp);

INSERT INTO countries (id, name, created)
VALUES (uuid_generate_v4(), 'Nauru', localtimestamp);

INSERT INTO countries (id, name, created)
VALUES (uuid_generate_v4(), 'Nederländerna', localtimestamp);

INSERT INTO countries (id, name, created)
VALUES (uuid_generate_v4(), 'Nepal', localtimestamp);

INSERT INTO countries (id, name, created)
VALUES (uuid_generate_v4(), 'Nicaragua', localtimestamp);

INSERT INTO countries (id, name, created)
VALUES (uuid_generate_v4(), 'Niger', localtimestamp);

INSERT INTO countries (id, name, created)
VALUES (uuid_generate_v4(), 'Nigeria', localtimestamp);

INSERT INTO countries (id, name, created)
VALUES (uuid_generate_v4(), 'Nordkorea', localtimestamp);

INSERT INTO countries (id, name, created)
VALUES (uuid_generate_v4(), 'Sydkorea', localtimestamp);

INSERT INTO countries (id, name, created)
VALUES (uuid_generate_v4(), 'Nordmakedonien', localtimestamp);

INSERT INTO countries (id, name, created)
VALUES (uuid_generate_v4(), 'Norge', localtimestamp);

INSERT INTO countries (id, name, created)
VALUES (uuid_generate_v4(), 'Nya Zeeland', localtimestamp);

INSERT INTO countries (id, name, created)
VALUES (uuid_generate_v4(), 'Oman', localtimestamp);

INSERT INTO countries (id, name, created)
VALUES (uuid_generate_v4(), 'Pakistan', localtimestamp);

INSERT INTO countries (id, name, created)
VALUES (uuid_generate_v4(), 'Palau', localtimestamp);

INSERT INTO countries (id, name, created)
VALUES (uuid_generate_v4(), 'Panama', localtimestamp);

INSERT INTO countries (id, name, created)
VALUES (uuid_generate_v4(), 'Papua Nya Guinea', localtimestamp);

INSERT INTO countries (id, name, created)
VALUES (uuid_generate_v4(), 'Paraguay', localtimestamp);

INSERT INTO countries (id, name, created)
VALUES (uuid_generate_v4(), 'Peru', localtimestamp);

INSERT INTO countries (id, name, created)
VALUES (uuid_generate_v4(), 'Polen', localtimestamp);

INSERT INTO countries (id, name, created)
VALUES (uuid_generate_v4(), 'Portugal', localtimestamp);

INSERT INTO countries (id, name, created)
VALUES (uuid_generate_v4(), 'Qatar', localtimestamp);

INSERT INTO countries (id, name, created)
VALUES (uuid_generate_v4(), 'Rumänien', localtimestamp);

INSERT INTO countries (id, name, created)
VALUES (uuid_generate_v4(), 'Rwanda', localtimestamp);

INSERT INTO countries (id, name, created)
VALUES (uuid_generate_v4(), 'Ryssland', localtimestamp);

INSERT INTO countries (id, name, created)
VALUES (uuid_generate_v4(), 'Saint Kitts och Nevis', localtimestamp);

INSERT INTO countries (id, name, created)
VALUES (uuid_generate_v4(), 'Saint Lucia', localtimestamp);

INSERT INTO countries (id, name, created)
VALUES (uuid_generate_v4(), 'Saint Vincent och Grenadinerna', localtimestamp);

INSERT INTO countries (id, name, created)
VALUES (uuid_generate_v4(), 'Salomonöarna', localtimestamp);

INSERT INTO countries (id, name, created)
VALUES (uuid_generate_v4(), 'Samoa', localtimestamp);

INSERT INTO countries (id, name, created)
VALUES (uuid_generate_v4(), 'San Marino', localtimestamp);

INSERT INTO countries (id, name, created)
VALUES (uuid_generate_v4(), 'São Tomé och Príncipe', localtimestamp);

INSERT INTO countries (id, name, created)
VALUES (uuid_generate_v4(), 'Saudiarabien', localtimestamp);

INSERT INTO countries (id, name, created)
VALUES (uuid_generate_v4(), 'Schweiz', localtimestamp);

INSERT INTO countries (id, name, created)
VALUES (uuid_generate_v4(), 'Senegal', localtimestamp);

INSERT INTO countries (id, name, created)
VALUES (uuid_generate_v4(), 'Seychellerna', localtimestamp);

INSERT INTO countries (id, name, created)
VALUES (uuid_generate_v4(), 'Serbien', localtimestamp);

INSERT INTO countries (id, name, created)
VALUES (uuid_generate_v4(), 'Sierra Leone', localtimestamp);

INSERT INTO countries (id, name, created)
VALUES (uuid_generate_v4(), 'Singapore', localtimestamp);

INSERT INTO countries (id, name, created)
VALUES (uuid_generate_v4(), 'Slovakien', localtimestamp);

INSERT INTO countries (id, name, created)
VALUES (uuid_generate_v4(), 'Slovenien', localtimestamp);

INSERT INTO countries (id, name, created)
VALUES (uuid_generate_v4(), 'Somalia', localtimestamp);

INSERT INTO countries (id, name, created)
VALUES (uuid_generate_v4(), 'Spanien', localtimestamp);

INSERT INTO countries (id, name, created)
VALUES (uuid_generate_v4(), 'Sri Lanka', localtimestamp);

INSERT INTO countries (id, name, created)
VALUES (uuid_generate_v4(), 'Storbritannien', localtimestamp);

INSERT INTO countries (id, name, created)
VALUES (uuid_generate_v4(), 'Sudan', localtimestamp);

INSERT INTO countries (id, name, created)
VALUES (uuid_generate_v4(), 'Surinam', localtimestamp);

INSERT INTO countries (id, name, created)
VALUES (uuid_generate_v4(), 'Swaziland', localtimestamp);

INSERT INTO countries (id, name, created)
VALUES (uuid_generate_v4(), 'Sydafrika', localtimestamp);

INSERT INTO countries (id, name, created)
VALUES (uuid_generate_v4(), 'Sydkorea', localtimestamp);

INSERT INTO countries (id, name, created)
VALUES (uuid_generate_v4(), 'Nordkorea', localtimestamp);

INSERT INTO countries (id, name, created)
VALUES (uuid_generate_v4(), 'Sydsudan', localtimestamp);

INSERT INTO countries (id, name, created)
VALUES (uuid_generate_v4(), 'Syrien', localtimestamp);

INSERT INTO countries (id, name, created)
VALUES (uuid_generate_v4(), 'Tadzjikistan', localtimestamp);

INSERT INTO countries (id, name, created)
VALUES (uuid_generate_v4(), 'Tanzania', localtimestamp);

INSERT INTO countries (id, name, created)
VALUES (uuid_generate_v4(), 'Tchad', localtimestamp);

INSERT INTO countries (id, name, created)
VALUES (uuid_generate_v4(), 'Thailand', localtimestamp);

INSERT INTO countries (id, name, created)
VALUES (uuid_generate_v4(), 'Tjeckien', localtimestamp);

INSERT INTO countries (id, name, created)
VALUES (uuid_generate_v4(), 'Togo', localtimestamp);

INSERT INTO countries (id, name, created)
VALUES (uuid_generate_v4(), 'Tonga', localtimestamp);

INSERT INTO countries (id, name, created)
VALUES (uuid_generate_v4(), 'Trinidad och Tobago', localtimestamp);

INSERT INTO countries (id, name, created)
VALUES (uuid_generate_v4(), 'Tunisien', localtimestamp);

INSERT INTO countries (id, name, created)
VALUES (uuid_generate_v4(), 'Turkiet', localtimestamp);

INSERT INTO countries (id, name, created)
VALUES (uuid_generate_v4(), 'Turkmenistan', localtimestamp);

INSERT INTO countries (id, name, created)
VALUES (uuid_generate_v4(), 'Tuvalu', localtimestamp);

INSERT INTO countries (id, name, created)
VALUES (uuid_generate_v4(), 'Tyskland', localtimestamp);

INSERT INTO countries (id, name, created)
VALUES (uuid_generate_v4(), 'Uganda', localtimestamp);

INSERT INTO countries (id, name, created)
VALUES (uuid_generate_v4(), 'Ukraina', localtimestamp);

INSERT INTO countries (id, name, created)
VALUES (uuid_generate_v4(), 'Ungern', localtimestamp);

INSERT INTO countries (id, name, created)
VALUES (uuid_generate_v4(), 'Uruguay', localtimestamp);

INSERT INTO countries (id, name, created)
VALUES (uuid_generate_v4(), 'USA', localtimestamp);

INSERT INTO countries (id, name, created)
VALUES (uuid_generate_v4(), 'Uzbekistan', localtimestamp);

INSERT INTO countries (id, name, created)
VALUES (uuid_generate_v4(), 'Vanuatu', localtimestamp);

INSERT INTO countries (id, name, created)
VALUES (uuid_generate_v4(), 'Vatikanstaten', localtimestamp);

INSERT INTO countries (id, name, created)
VALUES (uuid_generate_v4(), 'Venezuela', localtimestamp);

INSERT INTO countries (id, name, created)
VALUES (uuid_generate_v4(), 'Vietnam', localtimestamp);

INSERT INTO countries (id, name, created)
VALUES (uuid_generate_v4(), 'Vitryssland', localtimestamp);

INSERT INTO countries (id, name, created)
VALUES (uuid_generate_v4(), 'Zambia', localtimestamp);

INSERT INTO countries (id, name, created)
VALUES (uuid_generate_v4(), 'Zimbabwe', localtimestamp);

INSERT INTO countries (id, name, created)
VALUES (uuid_generate_v4(), 'Österrike', localtimestamp);

INSERT INTO countries (id, name, created)
VALUES (uuid_generate_v4(), 'Östtimor', localtimestamp);

-- Areas
-- Norra
INSERT INTO areas (id, name, "country", created, path)
VALUES (1, 'Norra distriktet', '00000000-0000-0000-0000-000000000000', localtimestamp, '1');

INSERT INTO areas (id, name, "country", created, path)
VALUES (6, 'Norrbottens län', '00000000-0000-0000-0000-000000000000', localtimestamp, '1.6');

INSERT INTO areas (id, name, "country", created, path)
VALUES (7, 'Västerbottens län', '00000000-0000-0000-0000-000000000000', localtimestamp, '1.7');

INSERT INTO areas (id, name, "country", created, path)
VALUES (8, 'Jämtlands län', '00000000-0000-0000-0000-000000000000', localtimestamp, '1.8');

INSERT INTO areas (id, name, "country", created, path)
VALUES (9, 'Västernorrlands län', '00000000-0000-0000-0000-000000000000', localtimestamp, '1.9');

INSERT INTO areas (id, name, "country", created, path)
VALUES (10, 'Gävleborgs län', '00000000-0000-0000-0000-000000000000', localtimestamp, '1.10');

INSERT INTO areas (id, name, "country", created, path)
VALUES (11, 'Dalarnas län', '00000000-0000-0000-0000-000000000000', localtimestamp, '1.11');

-- Östra
INSERT INTO areas (id, name, "country", created, path)
VALUES (2, 'Östra distriktet', '00000000-0000-0000-0000-000000000000', localtimestamp, '2');

INSERT INTO areas (id, name, "country", created, path)
VALUES (12, 'Uppsala län', '00000000-0000-0000-0000-000000000000', localtimestamp, '2.12');

INSERT INTO areas (id, name, "country", created, path)
VALUES (13, 'Västmanlands län', '00000000-0000-0000-0000-000000000000', localtimestamp, '2.13');

INSERT INTO areas (id, name, "country", created, path)
VALUES (14, 'Örebro län', '00000000-0000-0000-0000-000000000000', localtimestamp, '2.14');

INSERT INTO areas (id, name, "country", created, path)
VALUES (15, 'Södermanlands län', '00000000-0000-0000-0000-000000000000', localtimestamp, '2.15');

INSERT INTO areas (id, name, "country", created, path)
VALUES (16, 'Östergötlands län', '00000000-0000-0000-0000-000000000000', localtimestamp, '2.16');

-- Stockholm
INSERT INTO areas (id, name, "country", created, path)
VALUES (3, 'Stockholms distriktet', '00000000-0000-0000-0000-000000000000', localtimestamp, '3');

INSERT INTO areas (id, name, "country", created, path)
VALUES (18, 'Stockholms län', '00000000-0000-0000-0000-000000000000', localtimestamp, '3.18');

-- Västra
INSERT INTO areas (id, name, "country", created, path)
VALUES (4, 'Västra distriktet', '00000000-0000-0000-0000-000000000000', localtimestamp, '4');

INSERT INTO areas (id, name, "country", created, path)
VALUES (19, 'Värmlands län', '00000000-0000-0000-0000-000000000000', localtimestamp, '4.19');

INSERT INTO areas (id, name, "country", created, path)
VALUES (20, 'Västra Götalands län', '00000000-0000-0000-0000-000000000000', localtimestamp, '4.20');

INSERT INTO areas (id, name, "country", created, path)
VALUES (21, 'Hallands län', '00000000-0000-0000-0000-000000000000', localtimestamp, '4.21');

-- Södra
INSERT INTO areas (id, name, "country", created, path)
VALUES (5, 'Södra distriktet', '00000000-0000-0000-0000-000000000000', localtimestamp, '5');

INSERT INTO areas (id, name, "country", created, path)
VALUES (17, 'Blekinge län', '00000000-0000-0000-0000-000000000000', localtimestamp, '5.17');

INSERT INTO areas (id, name, "country", created, path)
VALUES (22, 'Skåne län', '00000000-0000-0000-0000-000000000000', localtimestamp, '5.22');

INSERT INTO areas (id, name, "country", created, path)
VALUES (23, 'Jönköpings län', '00000000-0000-0000-0000-000000000000', localtimestamp, '5.23');

INSERT INTO areas (id, name, "country", created, path)
VALUES (24, 'Kronobergs län', '00000000-0000-0000-0000-000000000000', localtimestamp, '5.24');

INSERT INTO areas (id, name, "country", created, path)
VALUES (25, 'Kalmar län', '00000000-0000-0000-0000-000000000000', localtimestamp, '5.25');

INSERT INTO areas (id, name, "country", created, path)
VALUES (26, 'Gotlands län', '00000000-0000-0000-0000-000000000000', localtimestamp, '5.26');

SELECT setval('areas_id_seq', 26);

-- Municipalities
INSERT INTO municipalities (id, name, created, "country", "area")
VALUES (uuid_generate_v4(), 'Ale', localtimestamp, '00000000-0000-0000-0000-000000000000', 20);

INSERT INTO municipalities (id, name, created, "country", "area")
VALUES (uuid_generate_v4(), 'Alingsås', localtimestamp, '00000000-0000-0000-0000-000000000000', 20);

INSERT INTO municipalities (id, name, created, "country", "area")
VALUES (uuid_generate_v4(), 'Alvesta', localtimestamp, '00000000-0000-0000-0000-000000000000', 24);

INSERT INTO municipalities (id, name, created, "country", "area")
VALUES (uuid_generate_v4(), 'Aneby', localtimestamp, '00000000-0000-0000-0000-000000000000', 23);

INSERT INTO municipalities (id, name, created, "country", "area")
VALUES (uuid_generate_v4(), 'Arboga', localtimestamp, '00000000-0000-0000-0000-000000000000', 13);

INSERT INTO municipalities (id, name, created, "country", "area")
VALUES (uuid_generate_v4(), 'Arjeplog', localtimestamp, '00000000-0000-0000-0000-000000000000', 6);

INSERT INTO municipalities (id, name, created, "country", "area")
VALUES (uuid_generate_v4(), 'Arvidsjaur', localtimestamp, '00000000-0000-0000-0000-000000000000', 6);

INSERT INTO municipalities (id, name, created, "country", "area")
VALUES (uuid_generate_v4(), 'Arvika', localtimestamp, '00000000-0000-0000-0000-000000000000', 19);

INSERT INTO municipalities (id, name, created, "country", "area")
VALUES (uuid_generate_v4(), 'Askersund', localtimestamp, '00000000-0000-0000-0000-000000000000', 14);

INSERT INTO municipalities (id, name, created, "country", "area")
VALUES (uuid_generate_v4(), 'Avesta', localtimestamp, '00000000-0000-0000-0000-000000000000', 11);

INSERT INTO municipalities (id, name, created, "country", "area")
VALUES (uuid_generate_v4(), 'Bengtsfors', localtimestamp, '00000000-0000-0000-0000-000000000000', 20);

INSERT INTO municipalities (id, name, created, "country", "area")
VALUES (uuid_generate_v4(), 'Berg', localtimestamp, '00000000-0000-0000-0000-000000000000', 8);

INSERT INTO municipalities (id, name, created, "country", "area")
VALUES (uuid_generate_v4(), 'Bjurholm', localtimestamp, '00000000-0000-0000-0000-000000000000', 7);

INSERT INTO municipalities (id, name, created, "country", "area")
VALUES (uuid_generate_v4(), 'Bjuv', localtimestamp, '00000000-0000-0000-0000-000000000000', 22);

INSERT INTO municipalities (id, name, created, "country", "area")
VALUES (uuid_generate_v4(), 'Boden', localtimestamp, '00000000-0000-0000-0000-000000000000', 6);

INSERT INTO municipalities (id, name, created, "country", "area")
VALUES (uuid_generate_v4(), 'Bollebygd', localtimestamp, '00000000-0000-0000-0000-000000000000', 20);

INSERT INTO municipalities (id, name, created, "country", "area")
VALUES (uuid_generate_v4(), 'Bollnäs', localtimestamp, '00000000-0000-0000-0000-000000000000', 10);

INSERT INTO municipalities (id, name, created, "country", "area")
VALUES (uuid_generate_v4(), 'Borgholm', localtimestamp, '00000000-0000-0000-0000-000000000000', 25);

INSERT INTO municipalities (id, name, created, "country", "area")
VALUES (uuid_generate_v4(), 'Borlänge', localtimestamp, '00000000-0000-0000-0000-000000000000', 11);

INSERT INTO municipalities (id, name, created, "country", "area")
VALUES (uuid_generate_v4(), 'Borås', localtimestamp, '00000000-0000-0000-0000-000000000000', 20);

INSERT INTO municipalities (id, name, created, "country", "area")
VALUES (uuid_generate_v4(), 'Botkyrka', localtimestamp, '00000000-0000-0000-0000-000000000000', 18);

INSERT INTO municipalities (id, name, created, "country", "area")
VALUES (uuid_generate_v4(), 'Boxholm', localtimestamp, '00000000-0000-0000-0000-000000000000', 16);

INSERT INTO municipalities (id, name, created, "country", "area")
VALUES (uuid_generate_v4(), 'Bromölla', localtimestamp, '00000000-0000-0000-0000-000000000000', 22);

INSERT INTO municipalities (id, name, created, "country", "area")
VALUES (uuid_generate_v4(), 'Bräcke', localtimestamp, '00000000-0000-0000-0000-000000000000', 8);

INSERT INTO municipalities (id, name, created, "country", "area")
VALUES (uuid_generate_v4(), 'Burlöv', localtimestamp, '00000000-0000-0000-0000-000000000000', 22);

INSERT INTO municipalities (id, name, created, "country", "area")
VALUES (uuid_generate_v4(), 'Båstad', localtimestamp, '00000000-0000-0000-0000-000000000000', 22);

INSERT INTO municipalities (id, name, created, "country", "area")
VALUES (uuid_generate_v4(), 'Dals-Ed', localtimestamp, '00000000-0000-0000-0000-000000000000', 20);

INSERT INTO municipalities (id, name, created, "country", "area")
VALUES (uuid_generate_v4(), 'Danderyd', localtimestamp, '00000000-0000-0000-0000-000000000000', 18);

INSERT INTO municipalities (id, name, created, "country", "area")
VALUES (uuid_generate_v4(), 'Degerfors', localtimestamp, '00000000-0000-0000-0000-000000000000', 14);

INSERT INTO municipalities (id, name, created, "country", "area")
VALUES (uuid_generate_v4(), 'Dorotea', localtimestamp, '00000000-0000-0000-0000-000000000000', 7);

INSERT INTO municipalities (id, name, created, "country", "area")
VALUES (uuid_generate_v4(), 'Eda', localtimestamp, '00000000-0000-0000-0000-000000000000', 19);

INSERT INTO municipalities (id, name, created, "country", "area")
VALUES (uuid_generate_v4(), 'Ekerö', localtimestamp, '00000000-0000-0000-0000-000000000000', 18);

INSERT INTO municipalities (id, name, created, "country", "area")
VALUES (uuid_generate_v4(), 'Eksjö', localtimestamp, '00000000-0000-0000-0000-000000000000', 23);

INSERT INTO municipalities (id, name, created, "country", "area")
VALUES (uuid_generate_v4(), 'Emmaboda', localtimestamp, '00000000-0000-0000-0000-000000000000', 25);

INSERT INTO municipalities (id, name, created, "country", "area")
VALUES (uuid_generate_v4(), 'Enköping', localtimestamp, '00000000-0000-0000-0000-000000000000', 12);

INSERT INTO municipalities (id, name, created, "country", "area")
VALUES (uuid_generate_v4(), 'Eskilstuna', localtimestamp, '00000000-0000-0000-0000-000000000000', 15);

INSERT INTO municipalities (id, name, created, "country", "area")
VALUES (uuid_generate_v4(), 'Eslöv', localtimestamp, '00000000-0000-0000-0000-000000000000', 22);

INSERT INTO municipalities (id, name, created, "country", "area")
VALUES (uuid_generate_v4(), 'Essunga', localtimestamp, '00000000-0000-0000-0000-000000000000', 20);

INSERT INTO municipalities (id, name, created, "country", "area")
VALUES (uuid_generate_v4(), 'Fagersta', localtimestamp, '00000000-0000-0000-0000-000000000000', 13);

INSERT INTO municipalities (id, name, created, "country", "area")
VALUES (uuid_generate_v4(), 'Falkenberg', localtimestamp, '00000000-0000-0000-0000-000000000000', 21);

INSERT INTO municipalities (id, name, created, "country", "area")
VALUES (uuid_generate_v4(), 'Falköping', localtimestamp, '00000000-0000-0000-0000-000000000000', 20);

INSERT INTO municipalities (id, name, created, "country", "area")
VALUES (uuid_generate_v4(), 'Falun', localtimestamp, '00000000-0000-0000-0000-000000000000', 11);

INSERT INTO municipalities (id, name, created, "country", "area")
VALUES (uuid_generate_v4(), 'Filipstad', localtimestamp, '00000000-0000-0000-0000-000000000000', 19);

INSERT INTO municipalities (id, name, created, "country", "area")
VALUES (uuid_generate_v4(), 'Finspång', localtimestamp, '00000000-0000-0000-0000-000000000000', 16);

INSERT INTO municipalities (id, name, created, "country", "area")
VALUES (uuid_generate_v4(), 'Flen', localtimestamp, '00000000-0000-0000-0000-000000000000', 15);

INSERT INTO municipalities (id, name, created, "country", "area")
VALUES (uuid_generate_v4(), 'Forshaga', localtimestamp, '00000000-0000-0000-0000-000000000000', 19);

INSERT INTO municipalities (id, name, created, "country", "area")
VALUES (uuid_generate_v4(), 'Färgelanda', localtimestamp, '00000000-0000-0000-0000-000000000000', 20);

INSERT INTO municipalities (id, name, created, "country", "area")
VALUES (uuid_generate_v4(), 'Gagnef', localtimestamp, '00000000-0000-0000-0000-000000000000', 11);

INSERT INTO municipalities (id, name, created, "country", "area")
VALUES (uuid_generate_v4(), 'Gislaved', localtimestamp, '00000000-0000-0000-0000-000000000000', 23);

INSERT INTO municipalities (id, name, created, "country", "area")
VALUES (uuid_generate_v4(), 'Gnesta', localtimestamp, '00000000-0000-0000-0000-000000000000', 15);

INSERT INTO municipalities (id, name, created, "country", "area")
VALUES (uuid_generate_v4(), 'Gnosjö', localtimestamp, '00000000-0000-0000-0000-000000000000', 23);

INSERT INTO municipalities (id, name, created, "country", "area")
VALUES (uuid_generate_v4(), 'Gotland', localtimestamp, '00000000-0000-0000-0000-000000000000', 26);

INSERT INTO municipalities (id, name, created, "country", "area")
VALUES (uuid_generate_v4(), 'Grums', localtimestamp, '00000000-0000-0000-0000-000000000000', 19);

INSERT INTO municipalities (id, name, created, "country", "area")
VALUES (uuid_generate_v4(), 'Grästorp', localtimestamp, '00000000-0000-0000-0000-000000000000', 20);

INSERT INTO municipalities (id, name, created, "country", "area")
VALUES (uuid_generate_v4(), 'Gullspång', localtimestamp, '00000000-0000-0000-0000-000000000000', 20);

INSERT INTO municipalities (id, name, created, "country", "area")
VALUES (uuid_generate_v4(), 'Gällivare', localtimestamp, '00000000-0000-0000-0000-000000000000', 6);

INSERT INTO municipalities (id, name, created, "country", "area")
VALUES (uuid_generate_v4(), 'Gävle', localtimestamp, '00000000-0000-0000-0000-000000000000', 10);

INSERT INTO municipalities (id, name, created, "country", "area")
VALUES (uuid_generate_v4(), 'Göteborg', localtimestamp, '00000000-0000-0000-0000-000000000000', 20);

INSERT INTO municipalities (id, name, created, "country", "area")
VALUES (uuid_generate_v4(), 'Götene', localtimestamp, '00000000-0000-0000-0000-000000000000', 20);

INSERT INTO municipalities (id, name, created, "country", "area")
VALUES (uuid_generate_v4(), 'Habo', localtimestamp, '00000000-0000-0000-0000-000000000000', 23);

INSERT INTO municipalities (id, name, created, "country", "area")
VALUES (uuid_generate_v4(), 'Hagfors', localtimestamp, '00000000-0000-0000-0000-000000000000', 19);

INSERT INTO municipalities (id, name, created, "country", "area")
VALUES (uuid_generate_v4(), 'Hallsberg', localtimestamp, '00000000-0000-0000-0000-000000000000', 14);

INSERT INTO municipalities (id, name, created, "country", "area")
VALUES (uuid_generate_v4(), 'Hallstahammar', localtimestamp, '00000000-0000-0000-0000-000000000000', 13);

INSERT INTO municipalities (id, name, created, "country", "area")
VALUES (uuid_generate_v4(), 'Halmstad', localtimestamp, '00000000-0000-0000-0000-000000000000', 21);

INSERT INTO municipalities (id, name, created, "country", "area")
VALUES (uuid_generate_v4(), 'Hammarö', localtimestamp, '00000000-0000-0000-0000-000000000000', 19);

INSERT INTO municipalities (id, name, created, "country", "area")
VALUES (uuid_generate_v4(), 'Haninge', localtimestamp, '00000000-0000-0000-0000-000000000000', 18);

INSERT INTO municipalities (id, name, created, "country", "area")
VALUES (uuid_generate_v4(), 'Haparanda', localtimestamp, '00000000-0000-0000-0000-000000000000', 6);

INSERT INTO municipalities (id, name, created, "country", "area")
VALUES (uuid_generate_v4(), 'Heby', localtimestamp, '00000000-0000-0000-0000-000000000000', 12);

INSERT INTO municipalities (id, name, created, "country", "area")
VALUES (uuid_generate_v4(), 'Hedemora', localtimestamp, '00000000-0000-0000-0000-000000000000', 11);

INSERT INTO municipalities (id, name, created, "country", "area")
VALUES (uuid_generate_v4(), 'Helsingborg', localtimestamp, '00000000-0000-0000-0000-000000000000', 22);

INSERT INTO municipalities (id, name, created, "country", "area")
VALUES (uuid_generate_v4(), 'Herrljunga', localtimestamp, '00000000-0000-0000-0000-000000000000', 20);

INSERT INTO municipalities (id, name, created, "country", "area")
VALUES (uuid_generate_v4(), 'Hjo', localtimestamp, '00000000-0000-0000-0000-000000000000', 20);

INSERT INTO municipalities (id, name, created, "country", "area")
VALUES (uuid_generate_v4(), 'Hofors', localtimestamp, '00000000-0000-0000-0000-000000000000', 10);

INSERT INTO municipalities (id, name, created, "country", "area")
VALUES (uuid_generate_v4(), 'Huddinge', localtimestamp, '00000000-0000-0000-0000-000000000000', 18);

INSERT INTO municipalities (id, name, created, "country", "area")
VALUES (uuid_generate_v4(), 'Hudiksvall', localtimestamp, '00000000-0000-0000-0000-000000000000', 10);

INSERT INTO municipalities (id, name, created, "country", "area")
VALUES (uuid_generate_v4(), 'Hultsfred', localtimestamp, '00000000-0000-0000-0000-000000000000', 25);

INSERT INTO municipalities (id, name, created, "country", "area")
VALUES (uuid_generate_v4(), 'Hylte', localtimestamp, '00000000-0000-0000-0000-000000000000', 21);

INSERT INTO municipalities (id, name, created, "country", "area")
VALUES (uuid_generate_v4(), 'Hällefors', localtimestamp, '00000000-0000-0000-0000-000000000000', 14);

INSERT INTO municipalities (id, name, created, "country", "area")
VALUES (uuid_generate_v4(), 'Härjedalen', localtimestamp, '00000000-0000-0000-0000-000000000000', 8);

INSERT INTO municipalities (id, name, created, "country", "area")
VALUES (uuid_generate_v4(), 'Härnösand', localtimestamp, '00000000-0000-0000-0000-000000000000', 9);

INSERT INTO municipalities (id, name, created, "country", "area")
VALUES (uuid_generate_v4(), 'Härryda', localtimestamp, '00000000-0000-0000-0000-000000000000', 20);

INSERT INTO municipalities (id, name, created, "country", "area")
VALUES (uuid_generate_v4(), 'Hässleholm', localtimestamp, '00000000-0000-0000-0000-000000000000', 22);

INSERT INTO municipalities (id, name, created, "country", "area")
VALUES (uuid_generate_v4(), 'Håbo', localtimestamp, '00000000-0000-0000-0000-000000000000', 12);

INSERT INTO municipalities (id, name, created, "country", "area")
VALUES (uuid_generate_v4(), 'Höganäs', localtimestamp, '00000000-0000-0000-0000-000000000000', 22);

INSERT INTO municipalities (id, name, created, "country", "area")
VALUES (uuid_generate_v4(), 'Högsby', localtimestamp, '00000000-0000-0000-0000-000000000000', 25);

INSERT INTO municipalities (id, name, created, "country", "area")
VALUES (uuid_generate_v4(), 'Hörby', localtimestamp, '00000000-0000-0000-0000-000000000000', 22);

INSERT INTO municipalities (id, name, created, "country", "area")
VALUES (uuid_generate_v4(), 'Höör', localtimestamp, '00000000-0000-0000-0000-000000000000', 22);

INSERT INTO municipalities (id, name, created, "country", "area")
VALUES (uuid_generate_v4(), 'Jokkmokk', localtimestamp, '00000000-0000-0000-0000-000000000000', 6);

INSERT INTO municipalities (id, name, created, "country", "area")
VALUES (uuid_generate_v4(), 'Järfälla', localtimestamp, '00000000-0000-0000-0000-000000000000', 18);

INSERT INTO municipalities (id, name, created, "country", "area")
VALUES (uuid_generate_v4(), 'Jönköping', localtimestamp, '00000000-0000-0000-0000-000000000000', 23);

INSERT INTO municipalities (id, name, created, "country", "area")
VALUES (uuid_generate_v4(), 'Kalix', localtimestamp, '00000000-0000-0000-0000-000000000000', 6);

INSERT INTO municipalities (id, name, created, "country", "area")
VALUES (uuid_generate_v4(), 'Kalmar', localtimestamp, '00000000-0000-0000-0000-000000000000', 25);

INSERT INTO municipalities (id, name, created, "country", "area")
VALUES (uuid_generate_v4(), 'Karlsborg', localtimestamp, '00000000-0000-0000-0000-000000000000', 20);

INSERT INTO municipalities (id, name, created, "country", "area")
VALUES (uuid_generate_v4(), 'Karlshamn', localtimestamp, '00000000-0000-0000-0000-000000000000', 17);

INSERT INTO municipalities (id, name, created, "country", "area")
VALUES (uuid_generate_v4(), 'Karlskoga', localtimestamp, '00000000-0000-0000-0000-000000000000', 14);

INSERT INTO municipalities (id, name, created, "country", "area")
VALUES (uuid_generate_v4(), 'Karlskrona', localtimestamp, '00000000-0000-0000-0000-000000000000', 17);

INSERT INTO municipalities (id, name, created, "country", "area")
VALUES (uuid_generate_v4(), 'Karlstad', localtimestamp, '00000000-0000-0000-0000-000000000000', 19);

INSERT INTO municipalities (id, name, created, "country", "area")
VALUES (uuid_generate_v4(), 'Katrineholm', localtimestamp, '00000000-0000-0000-0000-000000000000', 15);

INSERT INTO municipalities (id, name, created, "country", "area")
VALUES (uuid_generate_v4(), 'Kil', localtimestamp, '00000000-0000-0000-0000-000000000000', 19);

INSERT INTO municipalities (id, name, created, "country", "area")
VALUES (uuid_generate_v4(), 'Kinda', localtimestamp, '00000000-0000-0000-0000-000000000000', 16);

INSERT INTO municipalities (id, name, created, "country", "area")
VALUES (uuid_generate_v4(), 'Kiruna', localtimestamp, '00000000-0000-0000-0000-000000000000', 6);

INSERT INTO municipalities (id, name, created, "country", "area")
VALUES (uuid_generate_v4(), 'Klippan', localtimestamp, '00000000-0000-0000-0000-000000000000', 22);

INSERT INTO municipalities (id, name, created, "country", "area")
VALUES (uuid_generate_v4(), 'Knivsta', localtimestamp, '00000000-0000-0000-0000-000000000000', 12);

INSERT INTO municipalities (id, name, created, "country", "area")
VALUES (uuid_generate_v4(), 'Kramfors', localtimestamp, '00000000-0000-0000-0000-000000000000', 9);

INSERT INTO municipalities (id, name, created, "country", "area")
VALUES (uuid_generate_v4(), 'Kristianstad', localtimestamp, '00000000-0000-0000-0000-000000000000', 22);

INSERT INTO municipalities (id, name, created, "country", "area")
VALUES (uuid_generate_v4(), 'Kristinehamn', localtimestamp, '00000000-0000-0000-0000-000000000000', 19);

INSERT INTO municipalities (id, name, created, "country", "area")
VALUES (uuid_generate_v4(), 'Krokom', localtimestamp, '00000000-0000-0000-0000-000000000000', 8);

INSERT INTO municipalities (id, name, created, "country", "area")
VALUES (uuid_generate_v4(), 'Kumla', localtimestamp, '00000000-0000-0000-0000-000000000000', 14);

INSERT INTO municipalities (id, name, created, "country", "area")
VALUES (uuid_generate_v4(), 'Kungsbacka', localtimestamp, '00000000-0000-0000-0000-000000000000', 21);

INSERT INTO municipalities (id, name, created, "country", "area")
VALUES (uuid_generate_v4(), 'Kungsör', localtimestamp, '00000000-0000-0000-0000-000000000000', 13);

INSERT INTO municipalities (id, name, created, "country", "area")
VALUES (uuid_generate_v4(), 'Kungälv', localtimestamp, '00000000-0000-0000-0000-000000000000', 20);

INSERT INTO municipalities (id, name, created, "country", "area")
VALUES (uuid_generate_v4(), 'Kävlinge', localtimestamp, '00000000-0000-0000-0000-000000000000', 22);

INSERT INTO municipalities (id, name, created, "country", "area")
VALUES (uuid_generate_v4(), 'Köping', localtimestamp, '00000000-0000-0000-0000-000000000000', 13);

INSERT INTO municipalities (id, name, created, "country", "area")
VALUES (uuid_generate_v4(), 'Laholm', localtimestamp, '00000000-0000-0000-0000-000000000000', 21);

INSERT INTO municipalities (id, name, created, "country", "area")
VALUES (uuid_generate_v4(), 'Landskrona', localtimestamp, '00000000-0000-0000-0000-000000000000', 22);

INSERT INTO municipalities (id, name, created, "country", "area")
VALUES (uuid_generate_v4(), 'Laxå', localtimestamp, '00000000-0000-0000-0000-000000000000', 14);

INSERT INTO municipalities (id, name, created, "country", "area")
VALUES (uuid_generate_v4(), 'Lekeberg', localtimestamp, '00000000-0000-0000-0000-000000000000', 14);

INSERT INTO municipalities (id, name, created, "country", "area")
VALUES (uuid_generate_v4(), 'Leksand', localtimestamp, '00000000-0000-0000-0000-000000000000', 11);

INSERT INTO municipalities (id, name, created, "country", "area")
VALUES (uuid_generate_v4(), 'Lerum', localtimestamp, '00000000-0000-0000-0000-000000000000', 20);

INSERT INTO municipalities (id, name, created, "country", "area")
VALUES (uuid_generate_v4(), 'Lessebo', localtimestamp, '00000000-0000-0000-0000-000000000000', 24);

INSERT INTO municipalities (id, name, created, "country", "area")
VALUES (uuid_generate_v4(), 'Lidingö', localtimestamp, '00000000-0000-0000-0000-000000000000', 18);

INSERT INTO municipalities (id, name, created, "country", "area")
VALUES (uuid_generate_v4(), 'Lidköping', localtimestamp, '00000000-0000-0000-0000-000000000000', 20);

INSERT INTO municipalities (id, name, created, "country", "area")
VALUES (uuid_generate_v4(), 'Lilla Edet', localtimestamp, '00000000-0000-0000-0000-000000000000', 20);

INSERT INTO municipalities (id, name, created, "country", "area")
VALUES (uuid_generate_v4(), 'Lindesberg', localtimestamp, '00000000-0000-0000-0000-000000000000', 14);

INSERT INTO municipalities (id, name, created, "country", "area")
VALUES (uuid_generate_v4(), 'Linköping', localtimestamp, '00000000-0000-0000-0000-000000000000', 16);

INSERT INTO municipalities (id, name, created, "country", "area")
VALUES (uuid_generate_v4(), 'Ljungby', localtimestamp, '00000000-0000-0000-0000-000000000000', 24);

INSERT INTO municipalities (id, name, created, "country", "area")
VALUES (uuid_generate_v4(), 'Ljusdal', localtimestamp, '00000000-0000-0000-0000-000000000000', 10);

INSERT INTO municipalities (id, name, created, "country", "area")
VALUES (uuid_generate_v4(), 'Ljusnarsberg', localtimestamp, '00000000-0000-0000-0000-000000000000', 14);

INSERT INTO municipalities (id, name, created, "country", "area")
VALUES (uuid_generate_v4(), 'Lomma', localtimestamp, '00000000-0000-0000-0000-000000000000', 22);

INSERT INTO municipalities (id, name, created, "country", "area")
VALUES (uuid_generate_v4(), 'Ludvika', localtimestamp, '00000000-0000-0000-0000-000000000000', 11);

INSERT INTO municipalities (id, name, created, "country", "area")
VALUES (uuid_generate_v4(), 'Luleå', localtimestamp, '00000000-0000-0000-0000-000000000000', 6);

INSERT INTO municipalities (id, name, created, "country", "area")
VALUES (uuid_generate_v4(), 'Lund', localtimestamp, '00000000-0000-0000-0000-000000000000', 22);

INSERT INTO municipalities (id, name, created, "country", "area")
VALUES (uuid_generate_v4(), 'Lycksele', localtimestamp, '00000000-0000-0000-0000-000000000000', 7);

INSERT INTO municipalities (id, name, created, "country", "area")
VALUES (uuid_generate_v4(), 'Lysekil', localtimestamp, '00000000-0000-0000-0000-000000000000', 20);

INSERT INTO municipalities (id, name, created, "country", "area")
VALUES (uuid_generate_v4(), 'Malmö', localtimestamp, '00000000-0000-0000-0000-000000000000', 22);

INSERT INTO municipalities (id, name, created, "country", "area")
VALUES (uuid_generate_v4(), 'Malung-Sälen', localtimestamp, '00000000-0000-0000-0000-000000000000', 11);

INSERT INTO municipalities (id, name, created, "country", "area")
VALUES (uuid_generate_v4(), 'Malå', localtimestamp, '00000000-0000-0000-0000-000000000000', 7);

INSERT INTO municipalities (id, name, created, "country", "area")
VALUES (uuid_generate_v4(), 'Mariestad', localtimestamp, '00000000-0000-0000-0000-000000000000', 20);

INSERT INTO municipalities (id, name, created, "country", "area")
VALUES (uuid_generate_v4(), 'Mark', localtimestamp, '00000000-0000-0000-0000-000000000000', 20);

INSERT INTO municipalities (id, name, created, "country", "area")
VALUES (uuid_generate_v4(), 'Markaryd', localtimestamp, '00000000-0000-0000-0000-000000000000', 24);

INSERT INTO municipalities (id, name, created, "country", "area")
VALUES (uuid_generate_v4(), 'Mellerud', localtimestamp, '00000000-0000-0000-0000-000000000000', 20);

INSERT INTO municipalities (id, name, created, "country", "area")
VALUES (uuid_generate_v4(), 'Mjölby', localtimestamp, '00000000-0000-0000-0000-000000000000', 16);

INSERT INTO municipalities (id, name, created, "country", "area")
VALUES (uuid_generate_v4(), 'Mora', localtimestamp, '00000000-0000-0000-0000-000000000000', 11);

INSERT INTO municipalities (id, name, created, "country", "area")
VALUES (uuid_generate_v4(), 'Motala', localtimestamp, '00000000-0000-0000-0000-000000000000', 16);

INSERT INTO municipalities (id, name, created, "country", "area")
VALUES (uuid_generate_v4(), 'Mullsjö', localtimestamp, '00000000-0000-0000-0000-000000000000', 23);

INSERT INTO municipalities (id, name, created, "country", "area")
VALUES (uuid_generate_v4(), 'Munkedal', localtimestamp, '00000000-0000-0000-0000-000000000000', 20);

INSERT INTO municipalities (id, name, created, "country", "area")
VALUES (uuid_generate_v4(), 'Munkfors', localtimestamp, '00000000-0000-0000-0000-000000000000', 19);

INSERT INTO municipalities (id, name, created, "country", "area")
VALUES (uuid_generate_v4(), 'Mölndal', localtimestamp, '00000000-0000-0000-0000-000000000000', 20);

INSERT INTO municipalities (id, name, created, "country", "area")
VALUES (uuid_generate_v4(), 'Mönsterås', localtimestamp, '00000000-0000-0000-0000-000000000000', 25);

INSERT INTO municipalities (id, name, created, "country", "area")
VALUES (uuid_generate_v4(), 'Mörbylånga', localtimestamp, '00000000-0000-0000-0000-000000000000', 25);

INSERT INTO municipalities (id, name, created, "country", "area")
VALUES (uuid_generate_v4(), 'Nacka', localtimestamp, '00000000-0000-0000-0000-000000000000', 18);

INSERT INTO municipalities (id, name, created, "country", "area")
VALUES (uuid_generate_v4(), 'Nora', localtimestamp, '00000000-0000-0000-0000-000000000000', 14);

INSERT INTO municipalities (id, name, created, "country", "area")
VALUES (uuid_generate_v4(), 'Norberg', localtimestamp, '00000000-0000-0000-0000-000000000000', 13);

INSERT INTO municipalities (id, name, created, "country", "area")
VALUES (uuid_generate_v4(), 'Nordanstig', localtimestamp, '00000000-0000-0000-0000-000000000000', 10);

INSERT INTO municipalities (id, name, created, "country", "area")
VALUES (uuid_generate_v4(), 'Nordmaling', localtimestamp, '00000000-0000-0000-0000-000000000000', 7);

INSERT INTO municipalities (id, name, created, "country", "area")
VALUES (uuid_generate_v4(), 'Norrköping', localtimestamp, '00000000-0000-0000-0000-000000000000', 16);

INSERT INTO municipalities (id, name, created, "country", "area")
VALUES (uuid_generate_v4(), 'Norrtälje', localtimestamp, '00000000-0000-0000-0000-000000000000', 18);

INSERT INTO municipalities (id, name, created, "country", "area")
VALUES (uuid_generate_v4(), 'Norsjö', localtimestamp, '00000000-0000-0000-0000-000000000000', 7);

INSERT INTO municipalities (id, name, created, "country", "area")
VALUES (uuid_generate_v4(), 'Nybro', localtimestamp, '00000000-0000-0000-0000-000000000000', 25);

INSERT INTO municipalities (id, name, created, "country", "area")
VALUES (uuid_generate_v4(), 'Nykvarn', localtimestamp, '00000000-0000-0000-0000-000000000000', 18);

INSERT INTO municipalities (id, name, created, "country", "area")
VALUES (uuid_generate_v4(), 'Nyköping', localtimestamp, '00000000-0000-0000-0000-000000000000', 15);

INSERT INTO municipalities (id, name, created, "country", "area")
VALUES (uuid_generate_v4(), 'Nynäshamn', localtimestamp, '00000000-0000-0000-0000-000000000000', 18);

INSERT INTO municipalities (id, name, created, "country", "area")
VALUES (uuid_generate_v4(), 'Nässjö', localtimestamp, '00000000-0000-0000-0000-000000000000', 23);

INSERT INTO municipalities (id, name, created, "country", "area")
VALUES (uuid_generate_v4(), 'Ockelbo', localtimestamp, '00000000-0000-0000-0000-000000000000', 10);

INSERT INTO municipalities (id, name, created, "country", "area")
VALUES (uuid_generate_v4(), 'Olofström', localtimestamp, '00000000-0000-0000-0000-000000000000', 17);

INSERT INTO municipalities (id, name, created, "country", "area")
VALUES (uuid_generate_v4(), 'Orsa', localtimestamp, '00000000-0000-0000-0000-000000000000', 11);

INSERT INTO municipalities (id, name, created, "country", "area")
VALUES (uuid_generate_v4(), 'Orust', localtimestamp, '00000000-0000-0000-0000-000000000000', 20);

INSERT INTO municipalities (id, name, created, "country", "area")
VALUES (uuid_generate_v4(), 'Osby', localtimestamp, '00000000-0000-0000-0000-000000000000', 22);

INSERT INTO municipalities (id, name, created, "country", "area")
VALUES (uuid_generate_v4(), 'Oskarshamn', localtimestamp, '00000000-0000-0000-0000-000000000000', 25);

INSERT INTO municipalities (id, name, created, "country", "area")
VALUES (uuid_generate_v4(), 'Ovanåker', localtimestamp, '00000000-0000-0000-0000-000000000000', 10);

INSERT INTO municipalities (id, name, created, "country", "area")
VALUES (uuid_generate_v4(), 'Oxelösund', localtimestamp, '00000000-0000-0000-0000-000000000000', 15);

INSERT INTO municipalities (id, name, created, "country", "area")
VALUES (uuid_generate_v4(), 'Pajala', localtimestamp, '00000000-0000-0000-0000-000000000000', 6);

INSERT INTO municipalities (id, name, created, "country", "area")
VALUES (uuid_generate_v4(), 'Partille', localtimestamp, '00000000-0000-0000-0000-000000000000', 20);

INSERT INTO municipalities (id, name, created, "country", "area")
VALUES (uuid_generate_v4(), 'Perstorp', localtimestamp, '00000000-0000-0000-0000-000000000000', 22);

INSERT INTO municipalities (id, name, created, "country", "area")
VALUES (uuid_generate_v4(), 'Piteå', localtimestamp, '00000000-0000-0000-0000-000000000000', 6);

INSERT INTO municipalities (id, name, created, "country", "area")
VALUES (uuid_generate_v4(), 'Ragunda', localtimestamp, '00000000-0000-0000-0000-000000000000', 8);

INSERT INTO municipalities (id, name, created, "country", "area")
VALUES (uuid_generate_v4(), 'Robertsfors', localtimestamp, '00000000-0000-0000-0000-000000000000', 7);

INSERT INTO municipalities (id, name, created, "country", "area")
VALUES (uuid_generate_v4(), 'Ronneby', localtimestamp, '00000000-0000-0000-0000-000000000000', 17);

INSERT INTO municipalities (id, name, created, "country", "area")
VALUES (uuid_generate_v4(), 'Rättvik', localtimestamp, '00000000-0000-0000-0000-000000000000', 11);

INSERT INTO municipalities (id, name, created, "country", "area")
VALUES (uuid_generate_v4(), 'Sala', localtimestamp, '00000000-0000-0000-0000-000000000000', 13);

INSERT INTO municipalities (id, name, created, "country", "area")
VALUES (uuid_generate_v4(), 'Salem', localtimestamp, '00000000-0000-0000-0000-000000000000', 18);

INSERT INTO municipalities (id, name, created, "country", "area")
VALUES (uuid_generate_v4(), 'Sandviken', localtimestamp, '00000000-0000-0000-0000-000000000000', 10);

INSERT INTO municipalities (id, name, created, "country", "area")
VALUES (uuid_generate_v4(), 'Sigtuna', localtimestamp, '00000000-0000-0000-0000-000000000000', 18);

INSERT INTO municipalities (id, name, created, "country", "area")
VALUES (uuid_generate_v4(), 'Simrishamn', localtimestamp, '00000000-0000-0000-0000-000000000000', 22);

INSERT INTO municipalities (id, name, created, "country", "area")
VALUES (uuid_generate_v4(), 'Sjöbo', localtimestamp, '00000000-0000-0000-0000-000000000000', 22);

INSERT INTO municipalities (id, name, created, "country", "area")
VALUES (uuid_generate_v4(), 'Skara', localtimestamp, '00000000-0000-0000-0000-000000000000', 20);

INSERT INTO municipalities (id, name, created, "country", "area")
VALUES (uuid_generate_v4(), 'Skellefteå', localtimestamp, '00000000-0000-0000-0000-000000000000', 7);

INSERT INTO municipalities (id, name, created, "country", "area")
VALUES (uuid_generate_v4(), 'Skinnskatteberg', localtimestamp, '00000000-0000-0000-0000-000000000000', 13);

INSERT INTO municipalities (id, name, created, "country", "area")
VALUES (uuid_generate_v4(), 'Skurup', localtimestamp, '00000000-0000-0000-0000-000000000000', 22);

INSERT INTO municipalities (id, name, created, "country", "area")
VALUES (uuid_generate_v4(), 'Skövde', localtimestamp, '00000000-0000-0000-0000-000000000000', 20);

INSERT INTO municipalities (id, name, created, "country", "area")
VALUES (uuid_generate_v4(), 'Smedjebacken', localtimestamp, '00000000-0000-0000-0000-000000000000', 11);

INSERT INTO municipalities (id, name, created, "country", "area")
VALUES (uuid_generate_v4(), 'Sollefteå', localtimestamp, '00000000-0000-0000-0000-000000000000', 9);

INSERT INTO municipalities (id, name, created, "country", "area")
VALUES (uuid_generate_v4(), 'Sollentuna', localtimestamp, '00000000-0000-0000-0000-000000000000', 18);

INSERT INTO municipalities (id, name, created, "country", "area")
VALUES (uuid_generate_v4(), 'Solna', localtimestamp, '00000000-0000-0000-0000-000000000000', 18);

INSERT INTO municipalities (id, name, created, "country", "area")
VALUES (uuid_generate_v4(), 'Sorsele', localtimestamp, '00000000-0000-0000-0000-000000000000', 7);

INSERT INTO municipalities (id, name, created, "country", "area")
VALUES (uuid_generate_v4(), 'Sotenäs', localtimestamp, '00000000-0000-0000-0000-000000000000', 20);

INSERT INTO municipalities (id, name, created, "country", "area")
VALUES (uuid_generate_v4(), 'Staffanstorp', localtimestamp, '00000000-0000-0000-0000-000000000000', 22);

INSERT INTO municipalities (id, name, created, "country", "area")
VALUES (uuid_generate_v4(), 'Stenungsund', localtimestamp, '00000000-0000-0000-0000-000000000000', 20);

INSERT INTO municipalities (id, name, created, "country", "area")
VALUES (uuid_generate_v4(), 'Stockholm', localtimestamp, '00000000-0000-0000-0000-000000000000', 18);

INSERT INTO municipalities (id, name, created, "country", "area")
VALUES (uuid_generate_v4(), 'Storfors', localtimestamp, '00000000-0000-0000-0000-000000000000', 19);

INSERT INTO municipalities (id, name, created, "country", "area")
VALUES (uuid_generate_v4(), 'Storuman', localtimestamp, '00000000-0000-0000-0000-000000000000', 7);

INSERT INTO municipalities (id, name, created, "country", "area")
VALUES (uuid_generate_v4(), 'Strängnäs', localtimestamp, '00000000-0000-0000-0000-000000000000', 15);

INSERT INTO municipalities (id, name, created, "country", "area")
VALUES (uuid_generate_v4(), 'Strömstad', localtimestamp, '00000000-0000-0000-0000-000000000000', 20);

INSERT INTO municipalities (id, name, created, "country", "area")
VALUES (uuid_generate_v4(), 'Strömsund', localtimestamp, '00000000-0000-0000-0000-000000000000', 8);

INSERT INTO municipalities (id, name, created, "country", "area")
VALUES (uuid_generate_v4(), 'Sundbyberg', localtimestamp, '00000000-0000-0000-0000-000000000000', 18);

INSERT INTO municipalities (id, name, created, "country", "area")
VALUES (uuid_generate_v4(), 'Sundsvall', localtimestamp, '00000000-0000-0000-0000-000000000000', 9);

INSERT INTO municipalities (id, name, created, "country", "area")
VALUES (uuid_generate_v4(), 'Sunne', localtimestamp, '00000000-0000-0000-0000-000000000000', 19);

INSERT INTO municipalities (id, name, created, "country", "area")
VALUES (uuid_generate_v4(), 'Surahammar', localtimestamp, '00000000-0000-0000-0000-000000000000', 13);

INSERT INTO municipalities (id, name, created, "country", "area")
VALUES (uuid_generate_v4(), 'Svalöv', localtimestamp, '00000000-0000-0000-0000-000000000000', 22);

INSERT INTO municipalities (id, name, created, "country", "area")
VALUES (uuid_generate_v4(), 'Svedala', localtimestamp, '00000000-0000-0000-0000-000000000000', 22);

INSERT INTO municipalities (id, name, created, "country", "area")
VALUES (uuid_generate_v4(), 'Svenljunga', localtimestamp, '00000000-0000-0000-0000-000000000000', 20);

INSERT INTO municipalities (id, name, created, "country", "area")
VALUES (uuid_generate_v4(), 'Säffle', localtimestamp, '00000000-0000-0000-0000-000000000000', 19);

INSERT INTO municipalities (id, name, created, "country", "area")
VALUES (uuid_generate_v4(), 'Säter', localtimestamp, '00000000-0000-0000-0000-000000000000', 11);

INSERT INTO municipalities (id, name, created, "country", "area")
VALUES (uuid_generate_v4(), 'Sävsjö', localtimestamp, '00000000-0000-0000-0000-000000000000', 23);

INSERT INTO municipalities (id, name, created, "country", "area")
VALUES (uuid_generate_v4(), 'Söderhamn', localtimestamp, '00000000-0000-0000-0000-000000000000', 10);

INSERT INTO municipalities (id, name, created, "country", "area")
VALUES (uuid_generate_v4(), 'Söderköping', localtimestamp, '00000000-0000-0000-0000-000000000000', 16);

INSERT INTO municipalities (id, name, created, "country", "area")
VALUES (uuid_generate_v4(), 'Södertälje', localtimestamp, '00000000-0000-0000-0000-000000000000', 18);

INSERT INTO municipalities (id, name, created, "country", "area")
VALUES (uuid_generate_v4(), 'Sölvesborg', localtimestamp, '00000000-0000-0000-0000-000000000000', 17);

INSERT INTO municipalities (id, name, created, "country", "area")
VALUES (uuid_generate_v4(), 'Tanum', localtimestamp, '00000000-0000-0000-0000-000000000000', 20);

INSERT INTO municipalities (id, name, created, "country", "area")
VALUES (uuid_generate_v4(), 'Tibro', localtimestamp, '00000000-0000-0000-0000-000000000000', 20);

INSERT INTO municipalities (id, name, created, "country", "area")
VALUES (uuid_generate_v4(), 'Tidaholm', localtimestamp, '00000000-0000-0000-0000-000000000000', 20);

INSERT INTO municipalities (id, name, created, "country", "area")
VALUES (uuid_generate_v4(), 'Tierp', localtimestamp, '00000000-0000-0000-0000-000000000000', 12);

INSERT INTO municipalities (id, name, created, "country", "area")
VALUES (uuid_generate_v4(), 'Timrå', localtimestamp, '00000000-0000-0000-0000-000000000000', 9);

INSERT INTO municipalities (id, name, created, "country", "area")
VALUES (uuid_generate_v4(), 'Tingsryd', localtimestamp, '00000000-0000-0000-0000-000000000000', 24);

INSERT INTO municipalities (id, name, created, "country", "area")
VALUES (uuid_generate_v4(), 'Tjörn', localtimestamp, '00000000-0000-0000-0000-000000000000', 20);

INSERT INTO municipalities (id, name, created, "country", "area")
VALUES (uuid_generate_v4(), 'Tomelilla', localtimestamp, '00000000-0000-0000-0000-000000000000', 22);

INSERT INTO municipalities (id, name, created, "country", "area")
VALUES (uuid_generate_v4(), 'Torsby', localtimestamp, '00000000-0000-0000-0000-000000000000', 19);

INSERT INTO municipalities (id, name, created, "country", "area")
VALUES (uuid_generate_v4(), 'Torsås', localtimestamp, '00000000-0000-0000-0000-000000000000', 25);

INSERT INTO municipalities (id, name, created, "country", "area")
VALUES (uuid_generate_v4(), 'Tranemo', localtimestamp, '00000000-0000-0000-0000-000000000000', 20);

INSERT INTO municipalities (id, name, created, "country", "area")
VALUES (uuid_generate_v4(), 'Tranås', localtimestamp, '00000000-0000-0000-0000-000000000000', 23);

INSERT INTO municipalities (id, name, created, "country", "area")
VALUES (uuid_generate_v4(), 'Trelleborg', localtimestamp, '00000000-0000-0000-0000-000000000000', 22);

INSERT INTO municipalities (id, name, created, "country", "area")
VALUES (uuid_generate_v4(), 'Trollhättan', localtimestamp, '00000000-0000-0000-0000-000000000000', 20);

INSERT INTO municipalities (id, name, created, "country", "area")
VALUES (uuid_generate_v4(), 'Trosa', localtimestamp, '00000000-0000-0000-0000-000000000000', 15);

INSERT INTO municipalities (id, name, created, "country", "area")
VALUES (uuid_generate_v4(), 'Tyresö', localtimestamp, '00000000-0000-0000-0000-000000000000', 18);

INSERT INTO municipalities (id, name, created, "country", "area")
VALUES (uuid_generate_v4(), 'Täby', localtimestamp, '00000000-0000-0000-0000-000000000000', 18);

INSERT INTO municipalities (id, name, created, "country", "area")
VALUES (uuid_generate_v4(), 'Töreboda', localtimestamp, '00000000-0000-0000-0000-000000000000', 20);

INSERT INTO municipalities (id, name, created, "country", "area")
VALUES (uuid_generate_v4(), 'Uddevalla', localtimestamp, '00000000-0000-0000-0000-000000000000', 20);

INSERT INTO municipalities (id, name, created, "country", "area")
VALUES (uuid_generate_v4(), 'Ulricehamn', localtimestamp, '00000000-0000-0000-0000-000000000000', 20);

INSERT INTO municipalities (id, name, created, "country", "area")
VALUES (uuid_generate_v4(), 'Umeå', localtimestamp, '00000000-0000-0000-0000-000000000000', 7);

INSERT INTO municipalities (id, name, created, "country", "area")
VALUES (uuid_generate_v4(), 'Upplands Väsby', localtimestamp, '00000000-0000-0000-0000-000000000000', 18);

INSERT INTO municipalities (id, name, created, "country", "area")
VALUES (uuid_generate_v4(), 'Upplands-Bro', localtimestamp, '00000000-0000-0000-0000-000000000000', 18);

INSERT INTO municipalities (id, name, created, "country", "area")
VALUES (uuid_generate_v4(), 'Uppsala', localtimestamp, '00000000-0000-0000-0000-000000000000', 12);

INSERT INTO municipalities (id, name, created, "country", "area")
VALUES (uuid_generate_v4(), 'Uppvidinge', localtimestamp, '00000000-0000-0000-0000-000000000000', 24);

INSERT INTO municipalities (id, name, created, "country", "area")
VALUES (uuid_generate_v4(), 'Vadstena', localtimestamp, '00000000-0000-0000-0000-000000000000', 16);

INSERT INTO municipalities (id, name, created, "country", "area")
VALUES (uuid_generate_v4(), 'Vaggeryd', localtimestamp, '00000000-0000-0000-0000-000000000000', 23);

INSERT INTO municipalities (id, name, created, "country", "area")
VALUES (uuid_generate_v4(), 'Valdemarsvik', localtimestamp, '00000000-0000-0000-0000-000000000000', 16);

INSERT INTO municipalities (id, name, created, "country", "area")
VALUES (uuid_generate_v4(), 'Vallentuna', localtimestamp, '00000000-0000-0000-0000-000000000000', 18);

INSERT INTO municipalities (id, name, created, "country", "area")
VALUES (uuid_generate_v4(), 'Vansbro', localtimestamp, '00000000-0000-0000-0000-000000000000', 11);

INSERT INTO municipalities (id, name, created, "country", "area")
VALUES (uuid_generate_v4(), 'Vara', localtimestamp, '00000000-0000-0000-0000-000000000000', 20);

INSERT INTO municipalities (id, name, created, "country", "area")
VALUES (uuid_generate_v4(), 'Varberg', localtimestamp, '00000000-0000-0000-0000-000000000000', 21);

INSERT INTO municipalities (id, name, created, "country", "area")
VALUES (uuid_generate_v4(), 'Vaxholm', localtimestamp, '00000000-0000-0000-0000-000000000000', 18);

INSERT INTO municipalities (id, name, created, "country", "area")
VALUES (uuid_generate_v4(), 'Vellinge', localtimestamp, '00000000-0000-0000-0000-000000000000', 22);

INSERT INTO municipalities (id, name, created, "country", "area")
VALUES (uuid_generate_v4(), 'Vetlanda', localtimestamp, '00000000-0000-0000-0000-000000000000', 23);

INSERT INTO municipalities (id, name, created, "country", "area")
VALUES (uuid_generate_v4(), 'Vilhelmina', localtimestamp, '00000000-0000-0000-0000-000000000000', 7);

INSERT INTO municipalities (id, name, created, "country", "area")
VALUES (uuid_generate_v4(), 'Vimmerby', localtimestamp, '00000000-0000-0000-0000-000000000000', 25);

INSERT INTO municipalities (id, name, created, "country", "area")
VALUES (uuid_generate_v4(), 'Vindeln', localtimestamp, '00000000-0000-0000-0000-000000000000', 7);

INSERT INTO municipalities (id, name, created, "country", "area")
VALUES (uuid_generate_v4(), 'Vingåker', localtimestamp, '00000000-0000-0000-0000-000000000000', 15);

INSERT INTO municipalities (id, name, created, "country", "area")
VALUES (uuid_generate_v4(), 'Vänersborg', localtimestamp, '00000000-0000-0000-0000-000000000000', 20);

INSERT INTO municipalities (id, name, created, "country", "area")
VALUES (uuid_generate_v4(), 'Vännäs', localtimestamp, '00000000-0000-0000-0000-000000000000', 7);

INSERT INTO municipalities (id, name, created, "country", "area")
VALUES (uuid_generate_v4(), 'Värmdö', localtimestamp, '00000000-0000-0000-0000-000000000000', 18);

INSERT INTO municipalities (id, name, created, "country", "area")
VALUES (uuid_generate_v4(), 'Värnamo', localtimestamp, '00000000-0000-0000-0000-000000000000', 23);

INSERT INTO municipalities (id, name, created, "country", "area")
VALUES (uuid_generate_v4(), 'Västervik', localtimestamp, '00000000-0000-0000-0000-000000000000', 25);

INSERT INTO municipalities (id, name, created, "country", "area")
VALUES (uuid_generate_v4(), 'Västerås', localtimestamp, '00000000-0000-0000-0000-000000000000', 13);

INSERT INTO municipalities (id, name, created, "country", "area")
VALUES (uuid_generate_v4(), 'Växjö', localtimestamp, '00000000-0000-0000-0000-000000000000', 24);

INSERT INTO municipalities (id, name, created, "country", "area")
VALUES (uuid_generate_v4(), 'Vårgårda', localtimestamp, '00000000-0000-0000-0000-000000000000', 20);

INSERT INTO municipalities (id, name, created, "country", "area")
VALUES (uuid_generate_v4(), 'Ydre', localtimestamp, '00000000-0000-0000-0000-000000000000', 16);

INSERT INTO municipalities (id, name, created, "country", "area")
VALUES (uuid_generate_v4(), 'Ystad', localtimestamp, '00000000-0000-0000-0000-000000000000', 22);

INSERT INTO municipalities (id, name, created, "country", "area")
VALUES (uuid_generate_v4(), 'Åmål', localtimestamp, '00000000-0000-0000-0000-000000000000', 20);

INSERT INTO municipalities (id, name, created, "country", "area")
VALUES (uuid_generate_v4(), 'Ånge', localtimestamp, '00000000-0000-0000-0000-000000000000', 9);

INSERT INTO municipalities (id, name, created, "country", "area")
VALUES (uuid_generate_v4(), 'Åre', localtimestamp, '00000000-0000-0000-0000-000000000000', 8);

INSERT INTO municipalities (id, name, created, "country", "area")
VALUES (uuid_generate_v4(), 'Årjäng', localtimestamp, '00000000-0000-0000-0000-000000000000', 19);

INSERT INTO municipalities (id, name, created, "country", "area")
VALUES (uuid_generate_v4(), 'Åsele', localtimestamp, '00000000-0000-0000-0000-000000000000', 7);

INSERT INTO municipalities (id, name, created, "country", "area")
VALUES (uuid_generate_v4(), 'Åstorp', localtimestamp, '00000000-0000-0000-0000-000000000000', 22);

INSERT INTO municipalities (id, name, created, "country", "area")
VALUES (uuid_generate_v4(), 'Åtvidaberg', localtimestamp, '00000000-0000-0000-0000-000000000000', 16);

INSERT INTO municipalities (id, name, created, "country", "area")
VALUES (uuid_generate_v4(), 'Älmhult', localtimestamp, '00000000-0000-0000-0000-000000000000', 24);

INSERT INTO municipalities (id, name, created, "country", "area")
VALUES (uuid_generate_v4(), 'Älvdalen', localtimestamp, '00000000-0000-0000-0000-000000000000', 11);

INSERT INTO municipalities (id, name, created, "country", "area")
VALUES (uuid_generate_v4(), 'Älvkarleby', localtimestamp, '00000000-0000-0000-0000-000000000000', 12);

INSERT INTO municipalities (id, name, created, "country", "area")
VALUES (uuid_generate_v4(), 'Älvsbyn', localtimestamp, '00000000-0000-0000-0000-000000000000', 6);

INSERT INTO municipalities (id, name, created, "country", "area")
VALUES (uuid_generate_v4(), 'Ängelholm', localtimestamp, '00000000-0000-0000-0000-000000000000', 22);

INSERT INTO municipalities (id, name, created, "country", "area")
VALUES (uuid_generate_v4(), 'Öckerö', localtimestamp, '00000000-0000-0000-0000-000000000000', 20);

INSERT INTO municipalities (id, name, created, "country", "area")
VALUES (uuid_generate_v4(), 'Ödeshög', localtimestamp, '00000000-0000-0000-0000-000000000000', 16);

INSERT INTO municipalities (id, name, created, "country", "area")
VALUES (uuid_generate_v4(), 'Örebro', localtimestamp, '00000000-0000-0000-0000-000000000000', 14);

INSERT INTO municipalities (id, name, created, "country", "area")
VALUES (uuid_generate_v4(), 'Örkelljunga', localtimestamp, '00000000-0000-0000-0000-000000000000', 22);

INSERT INTO municipalities (id, name, created, "country", "area")
VALUES (uuid_generate_v4(), 'Örnsköldsvik', localtimestamp, '00000000-0000-0000-0000-000000000000', 9);

INSERT INTO municipalities (id, name, created, "country", "area")
VALUES (uuid_generate_v4(), 'Östersund', localtimestamp, '00000000-0000-0000-0000-000000000000', 8);

INSERT INTO municipalities (id, name, created, "country", "area")
VALUES (uuid_generate_v4(), 'Österåker', localtimestamp, '00000000-0000-0000-0000-000000000000', 18);

INSERT INTO municipalities (id, name, created, "country", "area")
VALUES (uuid_generate_v4(), 'Östhammar', localtimestamp, '00000000-0000-0000-0000-000000000000', 12);

INSERT INTO municipalities (id, name, created, "country", "area")
VALUES (uuid_generate_v4(), 'Östra Göinge', localtimestamp, '00000000-0000-0000-0000-000000000000', 22);

INSERT INTO municipalities (id, name, created, "country", "area")
VALUES (uuid_generate_v4(), 'Överkalix', localtimestamp, '00000000-0000-0000-0000-000000000000', 6);

INSERT INTO municipalities (id, name, created, "country", "area")
VALUES (uuid_generate_v4(), 'Övertorneå', localtimestamp, '00000000-0000-0000-0000-000000000000', 6);